id,pais_origem,pais_exportado,data,ano,quantidade (litros),valor (U$)
3,Brasil,"Alemanha, República Democrática",2006-01-01,2006,38302.0,89231.0
4,Brasil,Angola,2006-01-01,2006,3766.0,18293.0
7,Brasil,Antilhas Holandesas,2006-01-01,2006,19116.0,24419.0
16,Brasil,Bélgica,2006-01-01,2006,56571.0,52799.0
18,Brasil,Benin,2006-01-01,2006,10350.0,12075.0
19,Brasil,Bolívia,2006-01-01,2006,5822.0,6961.0
25,Brasil,Canadá,2006-01-01,2006,450.0,2202.0
28,Brasil,Chile,2006-01-01,2006,1988.0,2893.0
30,Brasil,Chipre,2006-01-01,2006,134.0,96.0
41,Brasil,Dinamarca,2006-01-01,2006,2805.0,8417.0
44,Brasil,Emirados Arabes Unidos,2006-01-01,2006,363.0,1446.0
48,Brasil,Estados Unidos,2006-01-01,2006,392590.0,591729.0
49,Brasil,Estônia,2006-01-01,2006,1974.0,4581.0
51,Brasil,Finlândia,2006-01-01,2006,11088.0,7920.0
52,Brasil,França,2006-01-01,2006,17010.0,34838.0
55,Brasil,Grécia,2006-01-01,2006,142.0,1535.0
67,Brasil,India,2006-01-01,2006,14.0,33.0
72,Brasil,Itália,2006-01-01,2006,2709.0,5423.0
74,Brasil,Japão,2006-01-01,2006,325031.0,240334.0
79,Brasil,Luxemburgo,2006-01-01,2006,1220.0,5354.0
92,Brasil,Países Baixos,2006-01-01,2006,451.0,1898.0
93,Brasil,Panamá,2006-01-01,2006,13.0,55.0
94,Brasil,Paraguai,2006-01-01,2006,1947106.0,873636.0
98,Brasil,Portugal,2006-01-01,2006,17732.0,13200.0
99,Brasil,Quênia,2006-01-01,2006,10600.0,15069.0
100,Brasil,Reino Unido,2006-01-01,2006,38281.0,49826.0
102,Brasil,Rússia,2006-01-01,2006,334200.0,164744.0
109,Brasil,Suécia,2006-01-01,2006,16120.0,12000.0
110,Brasil,Suíça,2006-01-01,2006,131073.0,305131.0
111,Brasil,Suriname,2006-01-01,2006,1000.0,2325.0
115,Brasil,"Tcheca, República",2006-01-01,2006,24250.0,105576.0
116,Brasil,Togo,2006-01-01,2006,24.0,21.0
121,Brasil,Uruguai,2006-01-01,2006,1008.0,1685.0
124,Brasil,Vietnã,2006-01-01,2006,2013.0,2362.0
3,Brasil,"Alemanha, República Democrática",2007-01-01,2007,119512.0,238052.0
4,Brasil,Angola,2007-01-01,2007,25931.0,49753.0
7,Brasil,Antilhas Holandesas,2007-01-01,2007,17025.0,17949.0
10,Brasil,Austrália,2007-01-01,2007,60.0,281.0
16,Brasil,Bélgica,2007-01-01,2007,1077.0,3751.0
19,Brasil,Bolívia,2007-01-01,2007,4985.0,3550.0
25,Brasil,Canadá,2007-01-01,2007,4172.0,18838.0
28,Brasil,Chile,2007-01-01,2007,60930.0,67353.0
29,Brasil,China,2007-01-01,2007,7638.0,30390.0
31,Brasil,Cingapura,2007-01-01,2007,7270.0,17864.0
35,Brasil,"Coreia, Republica Sul",2007-01-01,2007,1012.0,4650.0
39,Brasil,Cuba,2007-01-01,2007,2669.0,5118.0
41,Brasil,Dinamarca,2007-01-01,2007,3480.0,11176.0
45,Brasil,Equador,2007-01-01,2007,2700.0,3585.0
48,Brasil,Estados Unidos,2007-01-01,2007,479269.0,810038.0
49,Brasil,Estônia,2007-01-01,2007,77697.0,54056.0
52,Brasil,França,2007-01-01,2007,6349.0,11231.0
72,Brasil,Itália,2007-01-01,2007,7209.0,19860.0
74,Brasil,Japão,2007-01-01,2007,357943.0,316867.0
79,Brasil,Luxemburgo,2007-01-01,2007,785.0,2033.0
84,Brasil,México,2007-01-01,2007,2453.0,15425.0
89,Brasil,Noruega,2007-01-01,2007,10044.0,10044.0
92,Brasil,Países Baixos,2007-01-01,2007,181046.0,364751.0
93,Brasil,Panamá,2007-01-01,2007,810.0,1030.0
94,Brasil,Paraguai,2007-01-01,2007,1285459.0,801519.0
98,Brasil,Portugal,2007-01-01,2007,109074.0,165282.0
99,Brasil,Quênia,2007-01-01,2007,10600.0,13860.0
100,Brasil,Reino Unido,2007-01-01,2007,84613.0,144244.0
101,Brasil,República Dominicana,2007-01-01,2007,601.0,2438.0
102,Brasil,Rússia,2007-01-01,2007,266400.0,173160.0
109,Brasil,Suécia,2007-01-01,2007,919.0,2448.0
110,Brasil,Suíça,2007-01-01,2007,26090.0,70716.0
111,Brasil,Suriname,2007-01-01,2007,2700.0,4603.0
112,Brasil,Tailândia,2007-01-01,2007,839.0,2020.0
113,Brasil,Taiwan (FORMOSA),2007-01-01,2007,6377.0,11214.0
115,Brasil,"Tcheca, República",2007-01-01,2007,85303.0,189620.0
116,Brasil,Togo,2007-01-01,2007,11.0,11.0
123,Brasil,Venezuela,2007-01-01,2007,20700.0,27370.0
3,Brasil,"Alemanha, República Democrática",2008-01-01,2008,265742.0,429970.0
4,Brasil,Angola,2008-01-01,2008,25721.0,71083.0
7,Brasil,Antilhas Holandesas,2008-01-01,2008,17938.0,22908.0
10,Brasil,Austrália,2008-01-01,2008,218726.0,99280.0
16,Brasil,Bélgica,2008-01-01,2008,3523.0,12969.0
18,Brasil,Benin,2008-01-01,2008,10350.0,17423.0
19,Brasil,Bolívia,2008-01-01,2008,3979.0,3990.0
25,Brasil,Canadá,2008-01-01,2008,20949.0,80476.0
29,Brasil,China,2008-01-01,2008,8689.0,25926.0
31,Brasil,Cingapura,2008-01-01,2008,1233.0,4699.0
35,Brasil,"Coreia, Republica Sul",2008-01-01,2008,3520.0,14366.0
37,Brasil,Costa Rica,2008-01-01,2008,55.0,200.0
41,Brasil,Dinamarca,2008-01-01,2008,518.0,15905.0
44,Brasil,Emirados Arabes Unidos,2008-01-01,2008,2437.0,12298.0
46,Brasil,"Eslovaca, Republica",2008-01-01,2008,585.0,16063.0
47,Brasil,Espanha,2008-01-01,2008,2942.0,6834.0
48,Brasil,Estados Unidos,2008-01-01,2008,443895.0,804607.0
49,Brasil,Estônia,2008-01-01,2008,4114.0,9730.0
52,Brasil,França,2008-01-01,2008,11078.0,27500.0
53,Brasil,Gana,2008-01-01,2008,18168.0,25642.0
60,Brasil,Guine Equatorial,2008-01-01,2008,548.0,1417.0
61,Brasil,Haiti,2008-01-01,2008,20.0,20.0
62,Brasil,Honduras,2008-01-01,2008,162.0,580.0
63,Brasil,Hong Kong,2008-01-01,2008,2430.0,13460.0
74,Brasil,Japão,2008-01-01,2008,232293.0,178333.0
79,Brasil,Luxemburgo,2008-01-01,2008,13606.0,42341.0
86,Brasil,Namibia,2008-01-01,2008,340.0,722.0
88,Brasil,Nigéria,2008-01-01,2008,7560.0,10920.0
92,Brasil,Países Baixos,2008-01-01,2008,340412.0,783635.0
93,Brasil,Panamá,2008-01-01,2008,1161.0,1882.0
94,Brasil,Paraguai,2008-01-01,2008,2191901.0,1374088.0
96,Brasil,Polônia,2008-01-01,2008,20290.0,58353.0
98,Brasil,Portugal,2008-01-01,2008,49090.0,48942.0
100,Brasil,Reino Unido,2008-01-01,2008,100097.0,155076.0
102,Brasil,Rússia,2008-01-01,2008,6207658.0,2352768.0
109,Brasil,Suécia,2008-01-01,2008,26984.0,84564.0
110,Brasil,Suíça,2008-01-01,2008,54384.0,216317.0
111,Brasil,Suriname,2008-01-01,2008,900.0,1625.0
113,Brasil,Taiwan (FORMOSA),2008-01-01,2008,10030.0,18679.0
115,Brasil,"Tcheca, República",2008-01-01,2008,17135.0,64709.0
116,Brasil,Togo,2008-01-01,2008,5160.0,7800.0
3,Brasil,"Alemanha, República Democrática",2009-01-01,2009,225086.0,393482.0
4,Brasil,Angola,2009-01-01,2009,54786.0,84235.0
7,Brasil,Antilhas Holandesas,2009-01-01,2009,8235.0,10651.0
8,Brasil,Argentina,2009-01-01,2009,162.0,4523.0
10,Brasil,Austrália,2009-01-01,2009,1014.0,9195.0
16,Brasil,Bélgica,2009-01-01,2009,125962.0,58764.0
19,Brasil,Bolívia,2009-01-01,2009,40463.0,20729.0
25,Brasil,Canadá,2009-01-01,2009,15664.0,73445.0
28,Brasil,Chile,2009-01-01,2009,1475.0,4297.0
29,Brasil,China,2009-01-01,2009,1553416.0,482400.0
31,Brasil,Cingapura,2009-01-01,2009,2419.0,6110.0
41,Brasil,Dinamarca,2009-01-01,2009,1980.0,21780.0
43,Brasil,El Salvador,2009-01-01,2009,55.0,100.0
44,Brasil,Emirados Arabes Unidos,2009-01-01,2009,1398.0,4032.0
47,Brasil,Espanha,2009-01-01,2009,2181.0,4050.0
48,Brasil,Estados Unidos,2009-01-01,2009,372319.0,660066.0
49,Brasil,Estônia,2009-01-01,2009,5438.0,10802.0
56,Brasil,Guatemala,2009-01-01,2009,20.0,20.0
60,Brasil,Guine Equatorial,2009-01-01,2009,169.0,272.0
61,Brasil,Haiti,2009-01-01,2009,4500.0,5863.0
62,Brasil,Honduras,2009-01-01,2009,14.0,30.0
63,Brasil,Hong Kong,2009-01-01,2009,50319.0,27188.0
72,Brasil,Itália,2009-01-01,2009,1817.0,5251.0
74,Brasil,Japão,2009-01-01,2009,217974.0,283436.0
79,Brasil,Luxemburgo,2009-01-01,2009,7845.0,42124.0
87,Brasil,Nicaragua,2009-01-01,2009,24.0,24.0
88,Brasil,Nigéria,2009-01-01,2009,41.0,115.0
92,Brasil,Países Baixos,2009-01-01,2009,171654.0,136991.0
93,Brasil,Panamá,2009-01-01,2009,24.0,30.0
94,Brasil,Paraguai,2009-01-01,2009,486927.0,392087.0
96,Brasil,Polônia,2009-01-01,2009,6982.0,35797.0
98,Brasil,Portugal,2009-01-01,2009,141000.0,168923.0
100,Brasil,Reino Unido,2009-01-01,2009,30092.0,68788.0
102,Brasil,Rússia,2009-01-01,2009,21912914.0,5732280.0
109,Brasil,Suécia,2009-01-01,2009,28334.0,52826.0
110,Brasil,Suíça,2009-01-01,2009,27653.0,81319.0
111,Brasil,Suriname,2009-01-01,2009,3830.0,12918.0
115,Brasil,"Tcheca, República",2009-01-01,2009,9269.0,43902.0
124,Brasil,Vietnã,2009-01-01,2009,743.0,2143.0
3,Brasil,"Alemanha, República Democrática",2010-01-01,2010,27715.0,138666.0
4,Brasil,Angola,2010-01-01,2010,33557.0,189891.0
7,Brasil,Antilhas Holandesas,2010-01-01,2010,9810.0,12808.0
10,Brasil,Austrália,2010-01-01,2010,1823.0,17960.0
12,Brasil,Bahamas,2010-01-01,2010,3175.0,12759.0
16,Brasil,Bélgica,2010-01-01,2010,42532.0,185411.0
19,Brasil,Bolívia,2010-01-01,2010,54.0,282.0
23,Brasil,Cabo Verde,2010-01-01,2010,11991.0,49366.0
29,Brasil,China,2010-01-01,2010,795.0,2358.0
31,Brasil,Cingapura,2010-01-01,2010,1533.0,5504.0
41,Brasil,Dinamarca,2010-01-01,2010,7034.0,69161.0
44,Brasil,Emirados Arabes Unidos,2010-01-01,2010,1035.0,3206.0
48,Brasil,Estados Unidos,2010-01-01,2010,228968.0,478630.0
49,Brasil,Estônia,2010-01-01,2010,15848.0,40778.0
52,Brasil,França,2010-01-01,2010,3614.0,18904.0
57,Brasil,Guiana,2010-01-01,2010,783.0,3654.0
60,Brasil,Guine Equatorial,2010-01-01,2010,410.0,1015.0
61,Brasil,Haiti,2010-01-01,2010,2700.0,3750.0
64,Brasil,Hungria,2010-01-01,2010,540.0,4103.0
71,Brasil,Irlanda,2010-01-01,2010,3969.0,42795.0
72,Brasil,Itália,2010-01-01,2010,1458.0,4828.0
74,Brasil,Japão,2010-01-01,2010,112178.0,74628.0
79,Brasil,Luxemburgo,2010-01-01,2010,7344.0,32549.0
92,Brasil,Países Baixos,2010-01-01,2010,87368.0,302182.0
94,Brasil,Paraguai,2010-01-01,2010,510989.0,449197.0
96,Brasil,Polônia,2010-01-01,2010,20464.0,95198.0
98,Brasil,Portugal,2010-01-01,2010,4577.0,18970.0
100,Brasil,Reino Unido,2010-01-01,2010,123624.0,295690.0
110,Brasil,Suíça,2010-01-01,2010,2025.0,21600.0
111,Brasil,Suriname,2010-01-01,2010,1836.0,1269.0
115,Brasil,"Tcheca, República",2010-01-01,2010,1091.0,5285.0
121,Brasil,Uruguai,2010-01-01,2010,914.0,2929.0
124,Brasil,Vietnã,2010-01-01,2010,8820.0,9977.0
3,Brasil,"Alemanha, República Democrática",2011-01-01,2011,36070.0,144150.0
4,Brasil,Angola,2011-01-01,2011,13889.0,69001.0
7,Brasil,Antilhas Holandesas,2011-01-01,2011,7335.0,10188.0
8,Brasil,Argentina,2011-01-01,2011,13253.0,55460.0
9,Brasil,Aruba,2011-01-01,2011,900.0,1680.0
10,Brasil,Austrália,2011-01-01,2011,3632.0,40704.0
12,Brasil,Bahamas,2011-01-01,2011,4529.0,28810.0
16,Brasil,Bélgica,2011-01-01,2011,11802.0,62339.0
19,Brasil,Bolívia,2011-01-01,2011,12775.0,20215.0
23,Brasil,Cabo Verde,2011-01-01,2011,600.0,825.0
25,Brasil,Canadá,2011-01-01,2011,28906.0,128076.0
29,Brasil,China,2011-01-01,2011,54156.0,334867.0
31,Brasil,Cingapura,2011-01-01,2011,911.0,3317.0
34,Brasil,Congo,2011-01-01,2011,360.0,570.0
39,Brasil,Cuba,2011-01-01,2011,2880.0,4899.0
41,Brasil,Dinamarca,2011-01-01,2011,32797.0,83057.0
44,Brasil,Emirados Arabes Unidos,2011-01-01,2011,2120.0,6594.0
47,Brasil,Espanha,2011-01-01,2011,5206.0,24618.0
48,Brasil,Estados Unidos,2011-01-01,2011,306787.0,1030254.0
49,Brasil,Estônia,2011-01-01,2011,450.0,5336.0
51,Brasil,Finlândia,2011-01-01,2011,12404.0,50394.0
60,Brasil,Guine Equatorial,2011-01-01,2011,956.0,1979.0
63,Brasil,Hong Kong,2011-01-01,2011,2063.0,7975.0
71,Brasil,Irlanda,2011-01-01,2011,5376.0,35690.0
72,Brasil,Itália,2011-01-01,2011,11999.0,80298.0
74,Brasil,Japão,2011-01-01,2011,100835.0,144662.0
79,Brasil,Luxemburgo,2011-01-01,2011,9547.0,65592.0
84,Brasil,México,2011-01-01,2011,1350.0,7200.0
88,Brasil,Nigéria,2011-01-01,2011,54.0,210.0
89,Brasil,Noruega,2011-01-01,2011,10268.0,78688.0
91,Brasil,Nova Zelândia,2011-01-01,2011,2587.0,7992.0
92,Brasil,Países Baixos,2011-01-01,2011,125414.0,395356.0
94,Brasil,Paraguai,2011-01-01,2011,240168.0,276281.0
96,Brasil,Polônia,2011-01-01,2011,11732.0,50684.0
98,Brasil,Portugal,2011-01-01,2011,95.0,1031.0
100,Brasil,Reino Unido,2011-01-01,2011,122629.0,285642.0
109,Brasil,Suécia,2011-01-01,2011,1641.0,14476.0
111,Brasil,Suriname,2011-01-01,2011,3774.0,3735.0
113,Brasil,Taiwan (FORMOSA),2011-01-01,2011,4500.0,10600.0
115,Brasil,"Tcheca, República",2011-01-01,2011,6846.0,37271.0
121,Brasil,Uruguai,2011-01-01,2011,1238.0,4404.0
3,Brasil,"Alemanha, República Democrática",2012-01-01,2012,8189.0,56342.0
4,Brasil,Angola,2012-01-01,2012,2833.0,8861.0
7,Brasil,Antilhas Holandesas,2012-01-01,2012,9247.0,14081.0
10,Brasil,Austrália,2012-01-01,2012,9345.0,56045.0
12,Brasil,Bahamas,2012-01-01,2012,1374.0,12087.0
16,Brasil,Bélgica,2012-01-01,2012,16132.0,90718.0
19,Brasil,Bolívia,2012-01-01,2012,11868.0,16804.0
25,Brasil,Canadá,2012-01-01,2012,14304.0,146035.0
28,Brasil,Chile,2012-01-01,2012,8550.0,15438.0
29,Brasil,China,2012-01-01,2012,87905.0,642177.0
31,Brasil,Cingapura,2012-01-01,2012,1212.0,5310.0
41,Brasil,Dinamarca,2012-01-01,2012,4716.0,23802.0
44,Brasil,Emirados Arabes Unidos,2012-01-01,2012,675.0,3300.0
48,Brasil,Estados Unidos,2012-01-01,2012,146585.0,303986.0
49,Brasil,Estônia,2012-01-01,2012,3321.0,19384.0
51,Brasil,Finlândia,2012-01-01,2012,17100.0,67959.0
52,Brasil,França,2012-01-01,2012,195604.0,185791.0
60,Brasil,Guine Equatorial,2012-01-01,2012,819.0,2530.0
63,Brasil,Hong Kong,2012-01-01,2012,1609.0,7653.0
72,Brasil,Itália,2012-01-01,2012,792.0,5622.0
74,Brasil,Japão,2012-01-01,2012,29281.0,116961.0
79,Brasil,Luxemburgo,2012-01-01,2012,2444.0,16547.0
88,Brasil,Nigéria,2012-01-01,2012,6449.0,10196.0
89,Brasil,Noruega,2012-01-01,2012,5104.0,31515.0
91,Brasil,Nova Zelândia,2012-01-01,2012,2364.0,8817.0
92,Brasil,Países Baixos,2012-01-01,2012,134879.0,539641.0
93,Brasil,Panamá,2012-01-01,2012,39.0,2262.0
94,Brasil,Paraguai,2012-01-01,2012,354824.0,428279.0
96,Brasil,Polônia,2012-01-01,2012,21663.0,89158.0
98,Brasil,Portugal,2012-01-01,2012,47172.0,47022.0
99,Brasil,Quênia,2012-01-01,2012,94.0,458.0
100,Brasil,Reino Unido,2012-01-01,2012,82937.0,334856.0
102,Brasil,Rússia,2012-01-01,2012,4528176.0,2103968.0
109,Brasil,Suécia,2012-01-01,2012,2705.0,17280.0
110,Brasil,Suíça,2012-01-01,2012,4014.0,47240.0
111,Brasil,Suriname,2012-01-01,2012,396.0,1288.0
115,Brasil,"Tcheca, República",2012-01-01,2012,7960.0,27789.0
117,Brasil,Trinidade Tobago,2012-01-01,2012,531.0,2720.0
121,Brasil,Uruguai,2012-01-01,2012,1135.0,3879.0
123,Brasil,Venezuela,2012-01-01,2012,1029.0,7492.0
3,Brasil,"Alemanha, República Democrática",2013-01-01,2013,61699.0,265978.0
4,Brasil,Angola,2013-01-01,2013,1573.0,9300.0
7,Brasil,Antilhas Holandesas,2013-01-01,2013,11281.0,19565.0
10,Brasil,Austrália,2013-01-01,2013,16707.0,101715.0
12,Brasil,Bahamas,2013-01-01,2013,581.0,5145.0
16,Brasil,Bélgica,2013-01-01,2013,22461.0,95893.0
19,Brasil,Bolívia,2013-01-01,2013,19147.0,25998.0
25,Brasil,Canadá,2013-01-01,2013,25329.0,174643.0
29,Brasil,China,2013-01-01,2013,40929.0,279956.0
31,Brasil,Cingapura,2013-01-01,2013,766.0,5779.0
32,Brasil,Colômbia,2013-01-01,2013,8.0,30.0
41,Brasil,Dinamarca,2013-01-01,2013,17892.0,101915.0
47,Brasil,Espanha,2013-01-01,2013,1972980.0,3748940.0
48,Brasil,Estados Unidos,2013-01-01,2013,245368.0,786556.0
51,Brasil,Finlândia,2013-01-01,2013,36682.0,283114.0
52,Brasil,França,2013-01-01,2013,6885.0,42256.0
60,Brasil,Guine Equatorial,2013-01-01,2013,1108.0,5336.0
63,Brasil,Hong Kong,2013-01-01,2013,16013.0,61224.0
72,Brasil,Itália,2013-01-01,2013,1710.0,11967.0
74,Brasil,Japão,2013-01-01,2013,91988.0,429088.0
79,Brasil,Luxemburgo,2013-01-01,2013,5135.0,29474.0
88,Brasil,Nigéria,2013-01-01,2013,1350.0,2245.0
89,Brasil,Noruega,2013-01-01,2013,2375.0,19008.0
91,Brasil,Nova Zelândia,2013-01-01,2013,1004.0,4092.0
92,Brasil,Países Baixos,2013-01-01,2013,57792.0,255690.0
94,Brasil,Paraguai,2013-01-01,2013,481564.0,680828.0
96,Brasil,Polônia,2013-01-01,2013,19249.0,90960.0
98,Brasil,Portugal,2013-01-01,2013,23810.0,17627.0
99,Brasil,Quênia,2013-01-01,2013,6.0,4.0
100,Brasil,Reino Unido,2013-01-01,2013,59161.0,305005.0
102,Brasil,Rússia,2013-01-01,2013,5893291.0,14795694.0
109,Brasil,Suécia,2013-01-01,2013,3195.0,20183.0
110,Brasil,Suíça,2013-01-01,2013,2997.0,29785.0
111,Brasil,Suriname,2013-01-01,2013,1800.0,2960.0
115,Brasil,"Tcheca, República",2013-01-01,2013,3697.0,23549.0
121,Brasil,Uruguai,2013-01-01,2013,1526.0,13343.0
3,Brasil,"Alemanha, República Democrática",2014-01-01,2014,213348.0,761653.0
4,Brasil,Angola,2014-01-01,2014,12182.0,23124.0
7,Brasil,Antilhas Holandesas,2014-01-01,2014,4455.0,7169.0
8,Brasil,Argentina,2014-01-01,2014,20385.0,95130.0
9,Brasil,Aruba,2014-01-01,2014,450.0,755.0
10,Brasil,Austrália,2014-01-01,2014,6308.0,43709.0
16,Brasil,Bélgica,2014-01-01,2014,151320.0,704093.0
19,Brasil,Bolívia,2014-01-01,2014,12534.0,18303.0
25,Brasil,Canadá,2014-01-01,2014,35082.0,226875.0
29,Brasil,China,2014-01-01,2014,64040.0,455340.0
31,Brasil,Cingapura,2014-01-01,2014,541.0,3887.0
39,Brasil,Cuba,2014-01-01,2014,38875.0,43200.0
41,Brasil,Dinamarca,2014-01-01,2014,3240.0,16871.0
44,Brasil,Emirados Arabes Unidos,2014-01-01,2014,640.0,3381.0
48,Brasil,Estados Unidos,2014-01-01,2014,222267.0,494216.0
51,Brasil,Finlândia,2014-01-01,2014,12960.0,94962.0
52,Brasil,França,2014-01-01,2014,33755.0,167807.0
60,Brasil,Guine Equatorial,2014-01-01,2014,5646.0,11983.0
63,Brasil,Hong Kong,2014-01-01,2014,18130.0,63534.0
72,Brasil,Itália,2014-01-01,2014,604.0,2492.0
74,Brasil,Japão,2014-01-01,2014,106426.0,401774.0
79,Brasil,Luxemburgo,2014-01-01,2014,8281.0,52400.0
84,Brasil,México,2014-01-01,2014,1521.0,24336.0
89,Brasil,Noruega,2014-01-01,2014,7179.0,50464.0
91,Brasil,Nova Zelândia,2014-01-01,2014,2800.0,13675.0
92,Brasil,Países Baixos,2014-01-01,2014,165289.0,773767.0
94,Brasil,Paraguai,2014-01-01,2014,521847.0,908028.0
96,Brasil,Polônia,2014-01-01,2014,30181.0,107957.0
98,Brasil,Portugal,2014-01-01,2014,71544.0,79141.0
100,Brasil,Reino Unido,2014-01-01,2014,305807.0,1373747.0
102,Brasil,Rússia,2014-01-01,2014,190656.0,61440.0
109,Brasil,Suécia,2014-01-01,2014,10404.0,51057.0
110,Brasil,Suíça,2014-01-01,2014,27933.0,231762.0
111,Brasil,Suriname,2014-01-01,2014,6.0,19.0
113,Brasil,Taiwan (FORMOSA),2014-01-01,2014,12519.0,67907.0
115,Brasil,"Tcheca, República",2014-01-01,2014,4500.0,35005.0
117,Brasil,Trinidade Tobago,2014-01-01,2014,360.0,1600.0
123,Brasil,Venezuela,2014-01-01,2014,14.0,232.0
3,Brasil,"Alemanha, República Democrática",2015-01-01,2015,10680.0,44780.0
4,Brasil,Angola,2015-01-01,2015,1908.0,17089.0
7,Brasil,Antilhas Holandesas,2015-01-01,2015,6660.0,10545.0
10,Brasil,Austrália,2015-01-01,2015,7437.0,48011.0
16,Brasil,Bélgica,2015-01-01,2015,4473.0,26399.0
19,Brasil,Bolívia,2015-01-01,2015,10674.0,12990.0
25,Brasil,Canadá,2015-01-01,2015,24547.0,118394.0
29,Brasil,China,2015-01-01,2015,47609.0,222866.0
31,Brasil,Cingapura,2015-01-01,2015,1116.0,2774.0
39,Brasil,Cuba,2015-01-01,2015,97965.0,108864.0
41,Brasil,Dinamarca,2015-01-01,2015,7080.0,29306.0
44,Brasil,Emirados Arabes Unidos,2015-01-01,2015,765.0,3740.0
48,Brasil,Estados Unidos,2015-01-01,2015,195896.0,524109.0
52,Brasil,França,2015-01-01,2015,1596.0,4749.0
63,Brasil,Hong Kong,2015-01-01,2015,1229.0,7837.0
74,Brasil,Japão,2015-01-01,2015,31597.0,87853.0
79,Brasil,Luxemburgo,2015-01-01,2015,2295.0,17358.0
89,Brasil,Noruega,2015-01-01,2015,1058.0,6021.0
91,Brasil,Nova Zelândia,2015-01-01,2015,809.0,3476.0
92,Brasil,Países Baixos,2015-01-01,2015,44987.0,186464.0
94,Brasil,Paraguai,2015-01-01,2015,495428.0,741370.0
96,Brasil,Polônia,2015-01-01,2015,11654.0,42781.0
98,Brasil,Portugal,2015-01-01,2015,47736.0,42586.0
100,Brasil,Reino Unido,2015-01-01,2015,68382.0,308407.0
102,Brasil,Rússia,2015-01-01,2015,47664.0,18240.0
109,Brasil,Suécia,2015-01-01,2015,1412.0,6404.0
110,Brasil,Suíça,2015-01-01,2015,15872.0,85790.0
111,Brasil,Suriname,2015-01-01,2015,453.0,713.0
113,Brasil,Taiwan (FORMOSA),2015-01-01,2015,7200.0,23940.0
115,Brasil,"Tcheca, República",2015-01-01,2015,2297.0,15304.0
3,Brasil,"Alemanha, República Democrática",2016-01-01,2016,14012.0,68109.0
4,Brasil,Angola,2016-01-01,2016,7359.0,35390.0
7,Brasil,Antilhas Holandesas,2016-01-01,2016,16641.0,26450.0
10,Brasil,Austrália,2016-01-01,2016,1954.0,13799.0
11,Brasil,Áustria,2016-01-01,2016,675.0,5220.0
16,Brasil,Bélgica,2016-01-01,2016,7200.0,46534.0
18,Brasil,Benin,2016-01-01,2016,5040.0,20333.0
19,Brasil,Bolívia,2016-01-01,2016,13586.0,16902.0
25,Brasil,Canadá,2016-01-01,2016,13711.0,71096.0
29,Brasil,China,2016-01-01,2016,134106.0,499622.0
31,Brasil,Cingapura,2016-01-01,2016,5445.0,13199.0
35,Brasil,"Coreia, Republica Sul",2016-01-01,2016,8.0,20.0
39,Brasil,Cuba,2016-01-01,2016,63741.0,69830.0
41,Brasil,Dinamarca,2016-01-01,2016,1278.0,8171.0
44,Brasil,Emirados Arabes Unidos,2016-01-01,2016,585.0,2760.0
48,Brasil,Estados Unidos,2016-01-01,2016,258072.0,687411.0
49,Brasil,Estônia,2016-01-01,2016,900.0,4800.0
51,Brasil,Finlândia,2016-01-01,2016,7617.0,41003.0
52,Brasil,França,2016-01-01,2016,6037.0,30055.0
63,Brasil,Hong Kong,2016-01-01,2016,6975.0,86199.0
72,Brasil,Itália,2016-01-01,2016,585.0,3465.0
74,Brasil,Japão,2016-01-01,2016,34341.0,90954.0
79,Brasil,Luxemburgo,2016-01-01,2016,2759.0,21426.0
91,Brasil,Nova Zelândia,2016-01-01,2016,504.0,9472.0
92,Brasil,Países Baixos,2016-01-01,2016,42953.0,190203.0
94,Brasil,Paraguai,2016-01-01,2016,985739.0,1655417.0
96,Brasil,Polônia,2016-01-01,2016,11457.0,35402.0
100,Brasil,Reino Unido,2016-01-01,2016,117044.0,536681.0
109,Brasil,Suécia,2016-01-01,2016,291.0,1214.0
110,Brasil,Suíça,2016-01-01,2016,4230.0,33340.0
111,Brasil,Suriname,2016-01-01,2016,900.0,1375.0
113,Brasil,Taiwan (FORMOSA),2016-01-01,2016,16967.0,80379.0
115,Brasil,"Tcheca, República",2016-01-01,2016,3837.0,28473.0
3,Brasil,"Alemanha, República Democrática",2017-01-01,2017,15467.0,87702.0
4,Brasil,Angola,2017-01-01,2017,10170.0,61680.0
7,Brasil,Antilhas Holandesas,2017-01-01,2017,5400.0,8550.0
10,Brasil,Austrália,2017-01-01,2017,1350.0,7500.0
16,Brasil,Bélgica,2017-01-01,2017,2790.0,16405.0
19,Brasil,Bolívia,2017-01-01,2017,9495.0,23085.0
22,Brasil,Bulgária,2017-01-01,2017,117.0,1579.0
24,Brasil,Camarões,2017-01-01,2017,1749.0,7476.0
25,Brasil,Canadá,2017-01-01,2017,6075.0,30658.0
26,Brasil,Catar,2017-01-01,2017,13338.0,81606.0
29,Brasil,China,2017-01-01,2017,67594.0,266086.0
39,Brasil,Cuba,2017-01-01,2017,62791.0,72229.0
40,Brasil,Curaçao,2017-01-01,2017,12340.0,23011.0
41,Brasil,Dinamarca,2017-01-01,2017,581.0,2829.0
44,Brasil,Emirados Arabes Unidos,2017-01-01,2017,675.0,3302.0
48,Brasil,Estados Unidos,2017-01-01,2017,132688.0,1523699.0
52,Brasil,França,2017-01-01,2017,4253.0,21654.0
59,Brasil,Guine Bissau,2017-01-01,2017,48.0,90.0
60,Brasil,Guine Equatorial,2017-01-01,2017,2639.0,30563.0
63,Brasil,Hong Kong,2017-01-01,2017,1934.0,8180.0
72,Brasil,Itália,2017-01-01,2017,468.0,2248.0
74,Brasil,Japão,2017-01-01,2017,33909.0,92886.0
76,Brasil,Letônia,2017-01-01,2017,387.0,3723.0
79,Brasil,Luxemburgo,2017-01-01,2017,2719.0,21947.0
84,Brasil,México,2017-01-01,2017,664.0,2292.0
91,Brasil,Nova Zelândia,2017-01-01,2017,1678.0,8140.0
94,Brasil,Paraguai,2017-01-01,2017,2393468.0,4274650.0
100,Brasil,Reino Unido,2017-01-01,2017,60711.0,242883.0
109,Brasil,Suécia,2017-01-01,2017,15445.0,64953.0
110,Brasil,Suíça,2017-01-01,2017,6525.0,74816.0
111,Brasil,Suriname,2017-01-01,2017,3690.0,5638.0
113,Brasil,Taiwan (FORMOSA),2017-01-01,2017,14988.0,43954.0
115,Brasil,"Tcheca, República",2017-01-01,2017,2746.0,16947.0
123,Brasil,Venezuela,2017-01-01,2017,680.0,2646.0
3,Brasil,"Alemanha, República Democrática",2018-01-01,2018,10794.0,45382.0
4,Brasil,Angola,2018-01-01,2018,477.0,709.0
6,Brasil,Antígua e Barbuda,2018-01-01,2018,37.0,191.0
8,Brasil,Argentina,2018-01-01,2018,15711.0,59150.0
10,Brasil,Austrália,2018-01-01,2018,2055.0,6902.0
12,Brasil,Bahamas,2018-01-01,2018,141.0,634.0
16,Brasil,Bélgica,2018-01-01,2018,7497.0,52799.0
19,Brasil,Bolívia,2018-01-01,2018,21566.0,57424.0
23,Brasil,Cabo Verde,2018-01-01,2018,18.0,48.0
25,Brasil,Canadá,2018-01-01,2018,5308.0,20414.0
27,Brasil,"Cayman, Ilhas",2018-01-01,2018,19.0,203.0
28,Brasil,Chile,2018-01-01,2018,11049.0,42832.0
29,Brasil,China,2018-01-01,2018,30835.0,126336.0
30,Brasil,Chipre,2018-01-01,2018,279.0,480.0
31,Brasil,Cingapura,2018-01-01,2018,3298.0,11616.0
32,Brasil,Colômbia,2018-01-01,2018,6944.0,26273.0
35,Brasil,"Coreia, Republica Sul",2018-01-01,2018,120.0,109.0
39,Brasil,Cuba,2018-01-01,2018,4776.0,5584.0
40,Brasil,Curaçao,2018-01-01,2018,23930.0,43676.0
44,Brasil,Emirados Arabes Unidos,2018-01-01,2018,360.0,1762.0
47,Brasil,Espanha,2018-01-01,2018,6123.0,22631.0
48,Brasil,Estados Unidos,2018-01-01,2018,169109.0,512519.0
50,Brasil,Filipinas,2018-01-01,2018,9608.0,16205.0
52,Brasil,França,2018-01-01,2018,11077.0,48677.0
53,Brasil,Gana,2018-01-01,2018,9000.0,13502.0
55,Brasil,Grécia,2018-01-01,2018,232.0,730.0
60,Brasil,Guine Equatorial,2018-01-01,2018,8389.0,26808.0
61,Brasil,Haiti,2018-01-01,2018,79500.0,144425.0
63,Brasil,Hong Kong,2018-01-01,2018,1742.0,9029.0
71,Brasil,Irlanda,2018-01-01,2018,7560.0,25767.0
72,Brasil,Itália,2018-01-01,2018,3661.0,13260.0
74,Brasil,Japão,2018-01-01,2018,36992.0,112342.0
78,Brasil,Libéria,2018-01-01,2018,658.0,3100.0
79,Brasil,Luxemburgo,2018-01-01,2018,1778.0,11053.0
80,Brasil,Malásia,2018-01-01,2018,15.0,33.0
81,Brasil,Malta,2018-01-01,2018,503.0,1192.0
82,Brasil,"Marshall, Ilhas",2018-01-01,2018,923.0,2436.0
84,Brasil,México,2018-01-01,2018,2748.0,9744.0
88,Brasil,Nigéria,2018-01-01,2018,5175.0,6250.0
89,Brasil,Noruega,2018-01-01,2018,1295.0,9847.0
91,Brasil,Nova Zelândia,2018-01-01,2018,969.0,5565.0
92,Brasil,Países Baixos,2018-01-01,2018,9451.0,32395.0
93,Brasil,Panamá,2018-01-01,2018,1183.0,3117.0
94,Brasil,Paraguai,2018-01-01,2018,3234168.0,5494321.0
95,Brasil,Peru,2018-01-01,2018,5193.0,19372.0
96,Brasil,Polônia,2018-01-01,2018,720.0,4679.0
99,Brasil,Quênia,2018-01-01,2018,6771.0,31225.0
100,Brasil,Reino Unido,2018-01-01,2018,67708.0,296827.0
103,Brasil,São Tomé e Príncipe,2018-01-01,2018,2184.0,2357.0
109,Brasil,Suécia,2018-01-01,2018,8062.0,34563.0
112,Brasil,Tailândia,2018-01-01,2018,8.0,45.0
113,Brasil,Taiwan (FORMOSA),2018-01-01,2018,7589.0,18421.0
115,Brasil,"Tcheca, República",2018-01-01,2018,2712.0,20980.0
119,Brasil,Turquia,2018-01-01,2018,360.0,150.0
121,Brasil,Uruguai,2018-01-01,2018,7711.0,29617.0
123,Brasil,Venezuela,2018-01-01,2018,71.0,355.0
2,Brasil,África do Sul,2019-01-01,2019,26.0,95.0
3,Brasil,"Alemanha, República Democrática",2019-01-01,2019,3660.0,25467.0
4,Brasil,Angola,2019-01-01,2019,345.0,1065.0
6,Brasil,Antígua e Barbuda,2019-01-01,2019,219.0,1549.0
10,Brasil,Austrália,2019-01-01,2019,1161.0,4682.0
12,Brasil,Bahamas,2019-01-01,2019,791.0,3124.0
14,Brasil,Barbados,2019-01-01,2019,36.0,394.0
15,Brasil,Barein,2019-01-01,2019,482.0,2144.0
16,Brasil,Bélgica,2019-01-01,2019,2498.0,12548.0
17,Brasil,Belice,2019-01-01,2019,9.0,29.0
18,Brasil,Benin,2019-01-01,2019,9.0,9.0
25,Brasil,Canadá,2019-01-01,2019,1589.0,6933.0
27,Brasil,"Cayman, Ilhas",2019-01-01,2019,19.0,106.0
29,Brasil,China,2019-01-01,2019,129852.0,376828.0
30,Brasil,Chipre,2019-01-01,2019,672.0,1843.0
31,Brasil,Cingapura,2019-01-01,2019,5044.0,19099.0
32,Brasil,Colômbia,2019-01-01,2019,897.0,1999.0
35,Brasil,"Coreia, Republica Sul",2019-01-01,2019,70.0,194.0
40,Brasil,Curaçao,2019-01-01,2019,33951.0,62067.0
41,Brasil,Dinamarca,2019-01-01,2019,240.0,306.0
44,Brasil,Emirados Arabes Unidos,2019-01-01,2019,450.0,2202.0
45,Brasil,Equador,2019-01-01,2019,2.0,3.0
47,Brasil,Espanha,2019-01-01,2019,3540.0,1353.0
48,Brasil,Estados Unidos,2019-01-01,2019,209765.0,616274.0
50,Brasil,Filipinas,2019-01-01,2019,736.0,2486.0
52,Brasil,França,2019-01-01,2019,18286.0,67072.0
53,Brasil,Gana,2019-01-01,2019,7673.0,10010.0
54,Brasil,Gibraltar,2019-01-01,2019,23.0,93.0
55,Brasil,Grécia,2019-01-01,2019,561.0,1994.0
56,Brasil,Guatemala,2019-01-01,2019,1597.0,8719.0
57,Brasil,Guiana,2019-01-01,2019,424.0,1311.0
61,Brasil,Haiti,2019-01-01,2019,81873.0,129803.0
63,Brasil,Hong Kong,2019-01-01,2019,9651.0,42020.0
65,Brasil,Ilha de Man,2019-01-01,2019,28.0,175.0
67,Brasil,India,2019-01-01,2019,51.0,273.0
72,Brasil,Itália,2019-01-01,2019,587.0,1625.0
74,Brasil,Japão,2019-01-01,2019,40621.0,99642.0
78,Brasil,Libéria,2019-01-01,2019,4441.0,20068.0
79,Brasil,Luxemburgo,2019-01-01,2019,1666.0,11211.0
80,Brasil,Malásia,2019-01-01,2019,48.0,110.0
81,Brasil,Malta,2019-01-01,2019,3661.0,8828.0
82,Brasil,"Marshall, Ilhas",2019-01-01,2019,7276.0,15786.0
84,Brasil,México,2019-01-01,2019,4.0,4.0
85,Brasil,Montenegro,2019-01-01,2019,9.0,46.0
88,Brasil,Nigéria,2019-01-01,2019,28437.0,38555.0
89,Brasil,Noruega,2019-01-01,2019,628.0,3139.0
91,Brasil,Nova Zelândia,2019-01-01,2019,500.0,2832.0
92,Brasil,Países Baixos,2019-01-01,2019,44882.0,148031.0
93,Brasil,Panamá,2019-01-01,2019,7918.0,29017.0
94,Brasil,Paraguai,2019-01-01,2019,2419537.0,3826587.0
95,Brasil,Peru,2019-01-01,2019,9755.0,17310.0
96,Brasil,Polônia,2019-01-01,2019,5.0,11.0
98,Brasil,Portugal,2019-01-01,2019,18328.0,72413.0
100,Brasil,Reino Unido,2019-01-01,2019,34295.0,164592.0
106,Brasil,Serra Leoa,2019-01-01,2019,18.0,717.0
109,Brasil,Suécia,2019-01-01,2019,28.0,761.0
110,Brasil,Suíça,2019-01-01,2019,2223.0,28503.0
111,Brasil,Suriname,2019-01-01,2019,3206.0,4741.0
112,Brasil,Tailândia,2019-01-01,2019,128.0,832.0
113,Brasil,Taiwan (FORMOSA),2019-01-01,2019,12.0,67.0
115,Brasil,"Tcheca, República",2019-01-01,2019,2115.0,16391.0
119,Brasil,Turquia,2019-01-01,2019,115.0,209.0
121,Brasil,Uruguai,2019-01-01,2019,6180.0,18497.0
124,Brasil,Vietnã,2019-01-01,2019,20.0,32.0
2,Brasil,África do Sul,2020-01-01,2020,4.0,21.0
3,Brasil,"Alemanha, República Democrática",2020-01-01,2020,6261.0,32605.0
6,Brasil,Antígua e Barbuda,2020-01-01,2020,624.0,1864.0
8,Brasil,Argentina,2020-01-01,2020,1015.0,4176.0
10,Brasil,Austrália,2020-01-01,2020,1013.0,3413.0
12,Brasil,Bahamas,2020-01-01,2020,1212.0,3703.0
13,Brasil,Bangladesh,2020-01-01,2020,3.0,29.0
14,Brasil,Barbados,2020-01-01,2020,143.0,169.0
15,Brasil,Barein,2020-01-01,2020,8.0,28.0
16,Brasil,Bélgica,2020-01-01,2020,3166.0,20460.0
19,Brasil,Bolívia,2020-01-01,2020,9900.0,16025.0
20,Brasil,Bósnia-Herzegovina,2020-01-01,2020,45.0,52.0
25,Brasil,Canadá,2020-01-01,2020,1672.0,8431.0
27,Brasil,"Cayman, Ilhas",2020-01-01,2020,123.0,339.0
28,Brasil,Chile,2020-01-01,2020,11.0,13.0
29,Brasil,China,2020-01-01,2020,122253.0,363000.0
30,Brasil,Chipre,2020-01-01,2020,2478.0,6785.0
31,Brasil,Cingapura,2020-01-01,2020,4049.0,9316.0
32,Brasil,Colômbia,2020-01-01,2020,15660.0,23780.0
33,Brasil,Comores,2020-01-01,2020,9.0,25.0
35,Brasil,"Coreia, Republica Sul",2020-01-01,2020,103.0,433.0
38,Brasil,Croácia,2020-01-01,2020,21.0,123.0
40,Brasil,Curaçao,2020-01-01,2020,47962.0,65986.0
41,Brasil,Dinamarca,2020-01-01,2020,659.0,1962.0
44,Brasil,Emirados Arabes Unidos,2020-01-01,2020,581.0,2279.0
45,Brasil,Equador,2020-01-01,2020,3780.0,3824.0
47,Brasil,Espanha,2020-01-01,2020,28.0,126.0
48,Brasil,Estados Unidos,2020-01-01,2020,300178.0,610793.0
50,Brasil,Filipinas,2020-01-01,2020,719.0,1548.0
52,Brasil,França,2020-01-01,2020,12622.0,57144.0
53,Brasil,Gana,2020-01-01,2020,18810.0,22027.0
54,Brasil,Gibraltar,2020-01-01,2020,769.0,2860.0
55,Brasil,Grécia,2020-01-01,2020,6859.0,18092.0
57,Brasil,Guiana,2020-01-01,2020,990.0,2577.0
61,Brasil,Haiti,2020-01-01,2020,399128.0,471152.0
63,Brasil,Hong Kong,2020-01-01,2020,15159.0,41987.0
65,Brasil,Ilha de Man,2020-01-01,2020,11.0,121.0
67,Brasil,India,2020-01-01,2020,7.0,10.0
68,Brasil,Indonésia,2020-01-01,2020,5.0,6.0
69,Brasil,Irã,2020-01-01,2020,21.0,35.0
71,Brasil,Irlanda,2020-01-01,2020,29.0,257.0
72,Brasil,Itália,2020-01-01,2020,91.0,376.0
74,Brasil,Japão,2020-01-01,2020,36442.0,92674.0
75,Brasil,Jordânia,2020-01-01,2020,12.0,52.0
78,Brasil,Libéria,2020-01-01,2020,5155.0,17624.0
79,Brasil,Luxemburgo,2020-01-01,2020,1086.0,5110.0
81,Brasil,Malta,2020-01-01,2020,3490.0,9688.0
82,Brasil,"Marshall, Ilhas",2020-01-01,2020,6270.0,19639.0
84,Brasil,México,2020-01-01,2020,24.0,226.0
85,Brasil,Montenegro,2020-01-01,2020,9.0,20.0
88,Brasil,Nigéria,2020-01-01,2020,12094.0,26514.0
89,Brasil,Noruega,2020-01-01,2020,1859.0,15134.0
91,Brasil,Nova Zelândia,2020-01-01,2020,95.0,515.0
92,Brasil,Países Baixos,2020-01-01,2020,248.0,1532.0
93,Brasil,Panamá,2020-01-01,2020,10821.0,28372.0
94,Brasil,Paraguai,2020-01-01,2020,3299013.0,3869243.0
96,Brasil,Polônia,2020-01-01,2020,74.0,86.0
98,Brasil,Portugal,2020-01-01,2020,7958.0,34518.0
100,Brasil,Reino Unido,2020-01-01,2020,22913.0,82722.0
102,Brasil,Rússia,2020-01-01,2020,1463.0,8550.0
106,Brasil,Serra Leoa,2020-01-01,2020,9240.0,13050.0
109,Brasil,Suécia,2020-01-01,2020,6.0,24.0
110,Brasil,Suíça,2020-01-01,2020,2827.0,27930.0
111,Brasil,Suriname,2020-01-01,2020,4185.0,5277.0
112,Brasil,Tailândia,2020-01-01,2020,534.0,1753.0
113,Brasil,Taiwan (FORMOSA),2020-01-01,2020,963.0,4673.0
115,Brasil,"Tcheca, República",2020-01-01,2020,563.0,4805.0
120,Brasil,Tuvalu,2020-01-01,2020,2.0,4.0
122,Brasil,Vanuatu,2020-01-01,2020,18.0,31.0
123,Brasil,Venezuela,2020-01-01,2020,4086.0,9808.0
124,Brasil,Vietnã,2020-01-01,2020,86.0,584.0
1,Brasil,Afeganistão,2021-01-01,2021,11.0,46.0
3,Brasil,"Alemanha, República Democrática",2021-01-01,2021,2698.0,6741.0
6,Brasil,Antígua e Barbuda,2021-01-01,2021,805.0,2268.0
8,Brasil,Argentina,2021-01-01,2021,6.0,13.0
10,Brasil,Austrália,2021-01-01,2021,705.0,4034.0
12,Brasil,Bahamas,2021-01-01,2021,1083.0,4567.0
13,Brasil,Bangladesh,2021-01-01,2021,2.0,20.0
14,Brasil,Barbados,2021-01-01,2021,216.0,844.0
15,Brasil,Barein,2021-01-01,2021,302.0,894.0
16,Brasil,Bélgica,2021-01-01,2021,483.0,3749.0
19,Brasil,Bolívia,2021-01-01,2021,5850.0,8360.0
21,Brasil,Brasil,2021-01-01,2021,31.0,46.0
23,Brasil,Cabo Verde,2021-01-01,2021,16.0,124.0
25,Brasil,Canadá,2021-01-01,2021,1172.0,6157.0
26,Brasil,Catar,2021-01-01,2021,1.0,2.0
27,Brasil,"Cayman, Ilhas",2021-01-01,2021,104.0,356.0
28,Brasil,Chile,2021-01-01,2021,26.0,6.0
29,Brasil,China,2021-01-01,2021,61884.0,264116.0
30,Brasil,Chipre,2021-01-01,2021,1855.0,4530.0
32,Brasil,Colômbia,2021-01-01,2021,12160.0,21867.0
35,Brasil,"Coreia, Republica Sul",2021-01-01,2021,67.0,100.0
40,Brasil,Curaçao,2021-01-01,2021,32263.0,58993.0
41,Brasil,Dinamarca,2021-01-01,2021,87.0,504.0
42,Brasil,Dominica,2021-01-01,2021,460.0,634.0
44,Brasil,Emirados Arabes Unidos,2021-01-01,2021,810.0,10522.0
48,Brasil,Estados Unidos,2021-01-01,2021,111085.0,203554.0
50,Brasil,Filipinas,2021-01-01,2021,2784.0,10368.0
52,Brasil,França,2021-01-01,2021,7052.0,23742.0
53,Brasil,Gana,2021-01-01,2021,12578.0,19196.0
55,Brasil,Grécia,2021-01-01,2021,908.0,3014.0
56,Brasil,Guatemala,2021-01-01,2021,17347.0,29100.0
57,Brasil,Guiana,2021-01-01,2021,2372.0,6525.0
58,Brasil,Guiana Francesa,2021-01-01,2021,90.0,32.0
61,Brasil,Haiti,2021-01-01,2021,670379.0,831181.0
63,Brasil,Hong Kong,2021-01-01,2021,12507.0,39390.0
64,Brasil,Hungria,2021-01-01,2021,87.0,583.0
65,Brasil,Ilha de Man,2021-01-01,2021,97.0,445.0
67,Brasil,India,2021-01-01,2021,13.0,86.0
69,Brasil,Irã,2021-01-01,2021,116.0,287.0
71,Brasil,Irlanda,2021-01-01,2021,36.0,208.0
72,Brasil,Itália,2021-01-01,2021,696.0,3715.0
74,Brasil,Japão,2021-01-01,2021,39491.0,90275.0
78,Brasil,Libéria,2021-01-01,2021,7554.0,23060.0
81,Brasil,Malta,2021-01-01,2021,3441.0,15454.0
82,Brasil,"Marshall, Ilhas",2021-01-01,2021,8644.0,22561.0
83,Brasil,Mauritânia,2021-01-01,2021,9.0,85.0
84,Brasil,México,2021-01-01,2021,9.0,2.0
85,Brasil,Montenegro,2021-01-01,2021,14.0,65.0
88,Brasil,Nigéria,2021-01-01,2021,68247.0,113172.0
89,Brasil,Noruega,2021-01-01,2021,1878.0,8320.0
90,Brasil,Nova Caledônia,2021-01-01,2021,7227.0,11924.0
91,Brasil,Nova Zelândia,2021-01-01,2021,657.0,10477.0
92,Brasil,Países Baixos,2021-01-01,2021,3791.0,8484.0
93,Brasil,Panamá,2021-01-01,2021,29520.0,48444.0
94,Brasil,Paraguai,2021-01-01,2021,6522527.0,7192362.0
95,Brasil,Peru,2021-01-01,2021,9720.0,17107.0
96,Brasil,Polônia,2021-01-01,2021,4.0,14.0
98,Brasil,Portugal,2021-01-01,2021,6358.0,42633.0
100,Brasil,Reino Unido,2021-01-01,2021,25316.0,122394.0
102,Brasil,Rússia,2021-01-01,2021,181931.0,312926.0
104,Brasil,São Vicente e Granadinas,2021-01-01,2021,8.0,48.0
106,Brasil,Serra Leoa,2021-01-01,2021,6525.0,12955.0
107,Brasil,Singapura,2021-01-01,2021,4504.0,14346.0
108,Brasil,Suazilândia,2021-01-01,2021,10.0,24.0
109,Brasil,Suécia,2021-01-01,2021,23.0,74.0
110,Brasil,Suíça,2021-01-01,2021,627.0,6999.0
111,Brasil,Suriname,2021-01-01,2021,900.0,1472.0
112,Brasil,Tailândia,2021-01-01,2021,1334.0,2529.0
113,Brasil,Taiwan (FORMOSA),2021-01-01,2021,1313.0,8153.0
115,Brasil,"Tcheca, República",2021-01-01,2021,456.0,5988.0
116,Brasil,Togo,2021-01-01,2021,1890.0,2012.0
119,Brasil,Turquia,2021-01-01,2021,343.0,878.0
121,Brasil,Uruguai,2021-01-01,2021,136774.0,149842.0
123,Brasil,Venezuela,2021-01-01,2021,26415.0,35944.0
